Movement_Class,Parts,Below_Reorder_Point,Suggested_Replenishment_Qty,Suggested_Replenishment_Value_EUR,Avg_Stock_Coverage_Weeks,Planner_Exceptions,Below_Reorder_Point_%
A+,8,4,64,2066.34,7.96212943063858,4,50.0
A,9,1,0,0.0,6.370673098718307,0,11.11111111111111
B,59,20,135,1490.5,14.67152447749057,13,33.89830508474576
C,167,28,41,960.03,29.840835976347098,8,16.766467065868262
D,338,91,35,2913.52,76.37809865861996,11,26.923076923076923
NC,419,150,28,7573.58,244.3230101769579,11,35.79952267303103
